transaction_id,user_id,amount,category,timestamp,day,month
411271,user_10,3184.1,Shopping,2025-04-25,25,4
970289,user_23,947.04,Travel,2025-01-26,26,1
330250,user_30,2472.82,Bills,2025-06-14,14,6
166668,user_2,2905.7,Food,2025-01-21,21,1
240256,user_40,4112.06,Entertainment,2025-03-03,3,3
211944,user_36,417.59,Bills,2025-03-23,23,3
246916,user_37,4535.05,Food,2025-04-16,16,4
686980,user_33,4209.82,Shopping,2025-03-12,12,3
691950,user_24,642.22,Shopping,2025-05-16,16,5
766936,user_13,109.5,Bills,2025-06-24,24,6
895559,user_38,2835.16,Food,2025-05-11,11,5
183970,user_46,4843.95,Shopping,2025-04-22,22,4
971570,user_23,656.67,Food,2025-01-01,1,1
451455,user_16,1369.83,Travel,2025-04-19,19,4
364160,user_38,2996.27,Entertainment,2025-01-28,28,1
279286,user_4,4899.69,Entertainment,2025-01-22,22,1
858524,user_23,879.54,Entertainment,2025-04-09,9,4
713152,user_30,4857.86,Entertainment,2025-02-01,1,2
327356,user_28,119.48,Food,2025-02-03,3,2
335346,user_22,3435.49,Shopping,2025-03-18,18,3
963588,user_2,1362.27,Bills,2025-05-31,31,5
617280,user_40,3098.2,Shopping,2025-05-04,4,5
302539,user_24,1160.93,Entertainment,2025-03-01,1,3
406528,user_7,234.57,Bills,2025-02-12,12,2
809303,user_47,2002.34,Bills,2025-02-12,12,2
228864,user_2,2977.7,Food,2025-05-08,8,5
765107,user_2,1945.55,Food,2025-05-19,19,5
714136,user_43,2677.91,Food,2025-02-17,17,2
875428,user_2,4943.96,Bills,2025-02-10,10,2
577827,user_50,118.28,Shopping,2025-06-06,6,6
669402,user_45,1276.46,Travel,2025-02-26,26,2
953138,user_41,4722.81,Food,2025-06-30,30,6
642372,user_49,3961.21,Bills,2025-03-09,9,3
615473,user_44,308.49,Travel,2025-06-07,7,6
461900,user_46,3738.44,Food,2025-05-30,30,5
268129,user_25,4721.69,Entertainment,2025-01-10,10,1
372543,user_13,1474.28,Entertainment,2025-06-01,1,6
744538,user_39,3925.54,Bills,2025-05-18,18,5
835987,user_21,2383.78,Travel,2025-02-03,3,2
332292,user_36,3915.58,Entertainment,2025-06-30,30,6
861620,user_12,201.7,Bills,2025-04-06,6,4
458304,user_42,1789.84,Shopping,2025-04-10,10,4
559599,user_31,1729.7,Bills,2025-01-21,21,1
859544,user_27,1523.6,Food,2025-03-05,5,3
646326,user_32,4077.84,Bills,2025-01-06,6,1
288455,user_37,2807.9,Entertainment,2025-04-04,4,4
541788,user_49,395.3,Shopping,2025-02-22,22,2
222140,user_46,2214.75,Entertainment,2025-01-30,30,1
301123,user_6,178.31,Bills,2025-02-16,16,2
994087,user_32,2988.33,Food,2025-02-14,14,2
452980,user_21,3575.3,Shopping,2025-04-02,2,4
499543,user_20,4884.14,Entertainment,2025-02-15,15,2
850302,user_3,3534.13,Travel,2025-04-28,28,4
418102,user_32,258.62,Bills,2025-01-05,5,1
984679,user_45,1627.65,Shopping,2025-05-25,25,5
511317,user_45,3377.51,Travel,2025-01-19,19,1
302309,user_11,1899.99,Entertainment,2025-03-05,5,3
177908,user_4,3667.34,Bills,2025-05-19,19,5
711371,user_21,2867.38,Travel,2025-03-20,20,3
983187,user_25,1050.46,Bills,2025-01-26,26,1
439605,user_13,4776.58,Bills,2025-05-19,19,5
356897,user_9,2414.76,Entertainment,2025-02-13,13,2
112297,user_44,1067.09,Entertainment,2025-04-04,4,4
486234,user_24,4355.79,Food,2025-06-14,14,6
763876,user_1,4035.19,Entertainment,2025-01-01,1,1
793580,user_38,1155.8,Bills,2025-01-23,23,1
814477,user_8,904.37,Travel,2025-03-15,15,3
913853,user_42,284.43,Entertainment,2025-05-16,16,5
635173,user_3,4361.74,Bills,2025-02-16,16,2
844931,user_21,2316.15,Travel,2025-06-23,23,6
604575,user_19,4100.11,Entertainment,2025-03-06,6,3
871477,user_7,2219.04,Entertainment,2025-04-27,27,4
548512,user_11,2406.0,Food,2025-02-01,1,2
597513,user_37,2094.52,Travel,2025-03-11,11,3
240102,user_4,3433.28,Bills,2025-03-07,7,3
967864,user_5,3799.45,Travel,2025-05-15,15,5
563391,user_40,4633.08,Food,2025-05-16,16,5
376768,user_38,1163.32,Food,2025-01-07,7,1
819249,user_22,1288.18,Food,2025-06-20,20,6
856020,user_44,3755.52,Food,2025-04-23,23,4
677774,user_8,4454.35,Shopping,2025-02-08,8,2
292985,user_15,2644.66,Shopping,2025-04-07,7,4
133773,user_31,3891.96,Shopping,2025-01-24,24,1
775793,user_11,4526.78,Bills,2025-01-17,17,1
280358,user_11,2337.19,Food,2025-05-26,26,5
551054,user_44,772.94,Bills,2025-05-21,21,5
916517,user_50,4939.53,Shopping,2025-02-25,25,2
301673,user_5,3215.93,Shopping,2025-02-07,7,2
841858,user_14,3422.15,Food,2025-01-02,2,1
569623,user_19,4288.38,Bills,2025-02-24,24,2
892429,user_19,4529.85,Food,2025-03-10,10,3
835918,user_50,3434.0,Shopping,2025-05-09,9,5
595552,user_12,2533.9,Food,2025-02-18,18,2
151230,user_2,4684.89,Entertainment,2025-04-18,18,4
454841,user_34,3324.61,Bills,2025-06-05,5,6
149668,user_19,1697.03,Entertainment,2025-05-06,6,5
263609,user_5,963.42,Bills,2025-02-10,10,2
270235,user_22,1747.38,Food,2025-01-26,26,1
627917,user_9,4996.83,Bills,2025-04-05,5,4
692162,user_10,797.96,Travel,2025-06-06,6,6
121062,user_27,3482.15,Entertainment,2025-05-17,17,5
309893,user_2,3810.49,Bills,2025-06-27,27,6
233420,user_45,1884.81,Shopping,2025-05-24,24,5
177999,user_29,3397.44,Travel,2025-03-18,18,3
318693,user_45,126.53,Entertainment,2025-05-17,17,5
451409,user_2,1889.26,Entertainment,2025-06-30,30,6
215248,user_20,4720.25,Bills,2025-01-14,14,1
125928,user_50,4316.22,Entertainment,2025-03-11,11,3
989895,user_19,3916.99,Travel,2025-01-10,10,1
173456,user_32,465.03,Travel,2025-06-23,23,6
741777,user_31,1527.05,Bills,2025-02-27,27,2
998862,user_17,3384.12,Food,2025-05-05,5,5
929489,user_48,3712.82,Entertainment,2025-04-09,9,4
626355,user_27,4538.87,Bills,2025-02-18,18,2
711978,user_37,2686.86,Entertainment,2025-04-05,5,4
765299,user_25,4990.33,Bills,2025-01-07,7,1
247817,user_48,338.65,Travel,2025-06-23,23,6
839163,user_15,3602.73,Shopping,2025-06-06,6,6
335310,user_43,1185.15,Shopping,2025-01-21,21,1
678448,user_19,213.25,Bills,2025-04-11,11,4
382198,user_20,2882.92,Travel,2025-05-18,18,5
337929,user_9,540.4,Shopping,2025-02-07,7,2
310482,user_44,4967.28,Travel,2025-04-01,1,4
560770,user_13,3226.16,Travel,2025-03-10,10,3
875331,user_28,2937.52,Shopping,2025-06-14,14,6
539179,user_28,4637.74,Travel,2025-03-28,28,3
909565,user_28,2525.0,Shopping,2025-05-03,3,5
157102,user_47,3276.22,Bills,2025-01-03,3,1
629295,user_33,2605.84,Bills,2025-05-16,16,5
343300,user_44,4347.71,Food,2025-04-03,3,4
673219,user_5,3185.59,Food,2025-02-04,4,2
100167,user_21,4010.57,Food,2025-04-05,5,4
908627,user_27,1931.26,Travel,2025-02-19,19,2
619875,user_50,2275.31,Shopping,2025-02-08,8,2
577547,user_27,3118.02,Entertainment,2025-05-22,22,5
621984,user_40,560.0,Bills,2025-06-26,26,6
827697,user_42,687.22,Food,2025-04-05,5,4
298761,user_15,4387.19,Travel,2025-02-07,7,2
432440,user_27,4788.27,Shopping,2025-05-07,7,5
574179,user_44,116.41,Food,2025-02-24,24,2
739428,user_49,544.7,Travel,2025-05-25,25,5
739618,user_3,4243.94,Entertainment,2025-02-01,1,2
208864,user_34,1067.35,Bills,2025-02-02,2,2
288282,user_10,4623.17,Entertainment,2025-06-29,29,6
420603,user_46,4962.58,Entertainment,2025-04-24,24,4
140454,user_5,413.75,Entertainment,2025-03-01,1,3
231195,user_17,1680.31,Entertainment,2025-01-27,27,1
947898,user_44,3665.77,Entertainment,2025-01-23,23,1
393250,user_14,1183.21,Bills,2025-03-09,9,3
411833,user_24,3112.14,Food,2025-05-16,16,5
962049,user_28,2815.23,Travel,2025-01-23,23,1
612209,user_14,2874.88,Travel,2025-01-28,28,1
417044,user_1,4471.61,Shopping,2025-02-26,26,2
907267,user_35,1149.24,Shopping,2025-06-13,13,6
771430,user_20,1138.82,Food,2025-06-01,1,6
453164,user_33,1444.6,Bills,2025-06-13,13,6
555609,user_39,1953.78,Shopping,2025-04-30,30,4
283393,user_35,1996.75,Bills,2025-02-15,15,2
601717,user_44,4282.92,Entertainment,2025-02-01,1,2
973703,user_8,3716.47,Bills,2025-01-16,16,1
696628,user_46,4810.27,Bills,2025-05-21,21,5
549146,user_21,2822.23,Food,2025-02-06,6,2
872110,user_30,1398.54,Shopping,2025-06-17,17,6
989819,user_7,497.57,Entertainment,2025-01-04,4,1
106731,user_14,111.27,Food,2025-01-22,22,1
836860,user_34,2230.58,Food,2025-06-02,2,6
645137,user_12,4565.77,Travel,2025-03-03,3,3
933543,user_48,588.64,Travel,2025-03-29,29,3
306554,user_47,624.81,Shopping,2025-01-01,1,1
408314,user_34,3163.77,Bills,2025-03-01,1,3
776771,user_2,3289.68,Food,2025-06-01,1,6
475457,user_21,1063.39,Entertainment,2025-02-09,9,2
438360,user_30,4509.88,Bills,2025-01-15,15,1
346248,user_34,2238.11,Food,2025-01-06,6,1
495394,user_24,510.64,Bills,2025-05-12,12,5
838227,user_21,606.6,Entertainment,2025-04-18,18,4
614441,user_29,1264.44,Entertainment,2025-05-11,11,5
814592,user_14,2847.93,Shopping,2025-01-24,24,1
473127,user_13,945.44,Bills,2025-06-06,6,6
624311,user_19,1693.47,Shopping,2025-01-22,22,1
884052,user_33,3916.75,Bills,2025-02-26,26,2
934136,user_50,3252.2,Food,2025-05-31,31,5
282375,user_49,3380.96,Shopping,2025-01-20,20,1
448263,user_26,3602.9,Travel,2025-01-10,10,1
844223,user_17,3367.82,Food,2025-02-10,10,2
509773,user_12,2541.87,Travel,2025-05-15,15,5
241204,user_34,4823.97,Entertainment,2025-05-15,15,5
241482,user_32,1782.66,Travel,2025-02-22,22,2
568631,user_11,4077.11,Shopping,2025-03-02,2,3
292783,user_32,186.57,Food,2025-05-07,7,5
438967,user_8,3205.11,Entertainment,2025-03-25,25,3
621884,user_1,3070.51,Food,2025-06-21,21,6
967951,user_8,2480.8,Food,2025-01-31,31,1
831518,user_26,4200.8,Shopping,2025-06-29,29,6
641173,user_32,3098.13,Food,2025-04-05,5,4
301304,user_42,1912.91,Travel,2025-03-21,21,3
929564,user_50,4545.41,Shopping,2025-01-21,21,1
435384,user_46,913.31,Travel,2025-06-14,14,6
558483,user_5,74.41,Travel,2025-03-31,31,3
840962,user_29,4592.63,Shopping,2025-06-17,17,6
348544,user_49,276.01,Entertainment,2025-01-30,30,1
110083,user_21,2044.16,Food,2025-05-10,10,5
902743,user_26,1666.76,Food,2025-05-22,22,5
922302,user_32,2836.15,Travel,2025-03-09,9,3
941129,user_40,915.37,Shopping,2025-06-14,14,6
873168,user_12,3934.89,Travel,2025-06-05,5,6
237979,user_10,384.58,Travel,2025-06-12,12,6
549085,user_7,4311.42,Bills,2025-04-19,19,4
774281,user_1,1209.77,Travel,2025-03-04,4,3
205955,user_48,4659.62,Shopping,2025-05-17,17,5
745259,user_31,4130.64,Food,2025-05-05,5,5
230931,user_27,3223.86,Entertainment,2025-06-14,14,6
612930,user_31,1670.04,Entertainment,2025-01-09,9,1
216662,user_47,759.37,Bills,2025-06-13,13,6
656613,user_11,3517.16,Travel,2025-04-08,8,4
596357,user_48,1780.45,Entertainment,2025-01-10,10,1
701886,user_28,3073.22,Travel,2025-03-06,6,3
612754,user_18,1371.29,Shopping,2025-01-09,9,1
529240,user_36,1193.36,Shopping,2025-05-23,23,5
240568,user_38,172.68,Travel,2025-04-04,4,4
365194,user_49,4715.32,Shopping,2025-05-31,31,5
933911,user_42,2396.63,Bills,2025-05-13,13,5
678586,user_10,4985.33,Entertainment,2025-01-03,3,1
944806,user_10,526.01,Food,2025-01-02,2,1
321654,user_48,4780.83,Shopping,2025-04-29,29,4
576194,user_14,1495.8,Food,2025-05-24,24,5
987069,user_3,3772.12,Bills,2025-04-09,9,4
433951,user_1,685.29,Bills,2025-06-04,4,6
121078,user_11,3392.33,Food,2025-06-19,19,6
142580,user_20,4907.38,Travel,2025-06-22,22,6
697981,user_34,1644.6,Travel,2025-06-19,19,6
684898,user_41,343.05,Shopping,2025-06-13,13,6
982009,user_19,3689.5,Travel,2025-03-30,30,3
792716,user_21,235.34,Shopping,2025-05-10,10,5
553031,user_29,3718.55,Food,2025-05-07,7,5
483689,user_1,4934.63,Shopping,2025-01-10,10,1
493461,user_36,465.09,Food,2025-03-29,29,3
118407,user_21,2394.58,Food,2025-01-06,6,1
516818,user_39,1044.51,Entertainment,2025-06-08,8,6
600557,user_22,2640.13,Travel,2025-04-04,4,4
267501,user_9,3141.76,Travel,2025-06-10,10,6
433954,user_8,2879.31,Food,2025-05-18,18,5
679467,user_1,2933.03,Bills,2025-01-07,7,1
351282,user_50,1577.35,Food,2025-05-15,15,5
649254,user_11,798.89,Travel,2025-03-15,15,3
321725,user_27,612.92,Travel,2025-03-01,1,3
579368,user_42,3676.98,Shopping,2025-05-28,28,5
361649,user_24,2078.89,Entertainment,2025-02-27,27,2
790103,user_7,4978.56,Food,2025-05-25,25,5
798151,user_35,4229.08,Food,2025-05-25,25,5
760911,user_39,3248.36,Travel,2025-01-07,7,1
584531,user_30,4103.95,Shopping,2025-04-05,5,4
788020,user_11,1491.47,Bills,2025-03-30,30,3
951252,user_26,1380.38,Shopping,2025-03-21,21,3
447883,user_9,3821.24,Shopping,2025-02-21,21,2
698473,user_12,1954.67,Shopping,2025-02-21,21,2
285534,user_36,1350.77,Food,2025-06-13,13,6
832399,user_14,2101.24,Shopping,2025-04-22,22,4
651713,user_30,1235.21,Travel,2025-02-09,9,2
609559,user_19,2678.14,Food,2025-01-17,17,1
423954,user_47,576.68,Travel,2025-02-03,3,2
903772,user_2,2654.69,Bills,2025-04-07,7,4
466150,user_31,3858.98,Entertainment,2025-05-18,18,5
826258,user_36,3837.26,Food,2025-04-17,17,4
815204,user_39,2606.96,Bills,2025-02-17,17,2
860031,user_28,404.73,Bills,2025-06-30,30,6
627497,user_16,4525.73,Food,2025-01-24,24,1
755828,user_17,1404.18,Travel,2025-01-31,31,1
100342,user_31,4409.25,Food,2025-04-16,16,4
208054,user_6,4942.75,Food,2025-05-21,21,5
244027,user_30,4182.7,Bills,2025-03-31,31,3
599304,user_28,2264.32,Shopping,2025-02-25,25,2
219614,user_11,4644.11,Food,2025-03-05,5,3
527561,user_50,4204.22,Travel,2025-01-22,22,1
257046,user_5,2825.31,Shopping,2025-01-13,13,1
559720,user_24,1462.69,Food,2025-05-13,13,5
336186,user_45,3375.12,Shopping,2025-03-23,23,3
488406,user_4,76.58,Bills,2025-02-07,7,2
741725,user_35,3377.99,Food,2025-04-29,29,4
265956,user_21,3116.84,Shopping,2025-03-22,22,3
216692,user_39,553.85,Bills,2025-03-10,10,3
960420,user_43,3747.99,Bills,2025-01-02,2,1
330207,user_15,4105.99,Bills,2025-04-10,10,4
257359,user_31,2735.84,Food,2025-05-27,27,5
346809,user_17,3870.17,Food,2025-06-14,14,6
942123,user_47,1461.01,Travel,2025-02-20,20,2
709565,user_16,3974.56,Bills,2025-06-17,17,6
593111,user_50,3613.35,Bills,2025-05-14,14,5
327890,user_12,1804.22,Bills,2025-06-19,19,6
373051,user_45,323.99,Entertainment,2025-05-01,1,5
633506,user_1,3944.94,Travel,2025-04-27,27,4
540780,user_16,3186.52,Travel,2025-02-18,18,2
604905,user_2,3581.78,Shopping,2025-06-09,9,6
191911,user_31,4073.12,Travel,2025-03-16,16,3
286173,user_29,3205.13,Bills,2025-03-15,15,3
920411,user_42,365.15,Entertainment,2025-03-26,26,3
926307,user_38,2540.24,Travel,2025-05-08,8,5
893376,user_27,1131.09,Shopping,2025-01-23,23,1
124785,user_34,1323.38,Entertainment,2025-03-28,28,3
840484,user_49,4275.02,Shopping,2025-04-18,18,4
474651,user_37,4300.45,Food,2025-06-11,11,6
140527,user_49,824.02,Shopping,2025-04-22,22,4
913949,user_31,2347.07,Entertainment,2025-02-11,11,2
354935,user_46,2942.13,Food,2025-06-12,12,6
478114,user_23,95.15,Food,2025-04-24,24,4
263632,user_31,874.64,Shopping,2025-04-13,13,4
618311,user_18,3080.26,Shopping,2025-06-03,3,6
448234,user_38,2961.23,Entertainment,2025-04-06,6,4
807619,user_5,2297.99,Shopping,2025-04-27,27,4
927537,user_27,1468.24,Bills,2025-04-21,21,4
321160,user_32,2293.3,Entertainment,2025-01-09,9,1
531876,user_24,176.39,Entertainment,2025-01-23,23,1
657442,user_12,599.53,Travel,2025-05-08,8,5
995576,user_2,1798.22,Bills,2025-02-27,27,2
344771,user_22,3613.69,Travel,2025-01-20,20,1
395391,user_23,1238.0,Bills,2025-01-11,11,1
409203,user_30,3407.12,Food,2025-05-01,1,5
915993,user_45,4815.59,Bills,2025-03-29,29,3
954608,user_5,4667.0,Travel,2025-06-17,17,6
648604,user_3,2658.13,Entertainment,2025-02-13,13,2
673459,user_34,2577.1,Bills,2025-01-15,15,1
799388,user_8,1881.74,Bills,2025-02-03,3,2
453958,user_6,4982.79,Food,2025-04-28,28,4
992800,user_19,1159.73,Bills,2025-01-16,16,1
493583,user_7,540.8,Food,2025-03-20,20,3
568374,user_42,1827.08,Travel,2025-06-05,5,6
557754,user_20,1795.94,Food,2025-01-22,22,1
985482,user_12,1287.24,Shopping,2025-05-28,28,5
859436,user_49,3492.53,Travel,2025-06-19,19,6
532460,user_46,4196.22,Travel,2025-02-17,17,2
951915,user_42,4939.02,Travel,2025-05-18,18,5
228536,user_45,1160.85,Food,2025-06-06,6,6
449083,user_37,2703.25,Travel,2025-05-21,21,5
869565,user_37,2882.83,Food,2025-03-03,3,3
303347,user_2,1158.92,Entertainment,2025-05-23,23,5
790042,user_9,1059.47,Travel,2025-04-23,23,4
578227,user_27,1452.69,Shopping,2025-02-10,10,2
570893,user_32,1605.61,Food,2025-06-13,13,6
708523,user_5,4661.16,Food,2025-01-28,28,1
488504,user_15,4982.82,Food,2025-02-23,23,2
141619,user_45,334.92,Travel,2025-06-12,12,6
755182,user_16,3918.66,Shopping,2025-04-13,13,4
787495,user_39,3621.1,Entertainment,2025-06-15,15,6
644844,user_15,637.91,Bills,2025-02-25,25,2
628187,user_2,4482.28,Food,2025-03-05,5,3
475262,user_47,1429.86,Food,2025-05-18,18,5
609379,user_26,533.64,Food,2025-02-08,8,2
138440,user_43,4434.07,Food,2025-05-10,10,5
233336,user_39,327.95,Food,2025-06-06,6,6
240324,user_30,3424.6,Travel,2025-04-08,8,4
404467,user_3,3196.31,Entertainment,2025-06-16,16,6
181835,user_32,3853.49,Bills,2025-04-16,16,4
344787,user_50,4033.31,Bills,2025-05-14,14,5
986044,user_9,3180.12,Entertainment,2025-01-28,28,1
284078,user_31,1086.81,Entertainment,2025-06-01,1,6
236194,user_16,3053.85,Travel,2025-04-12,12,4
497849,user_16,1030.41,Food,2025-03-20,20,3
395975,user_12,3451.57,Travel,2025-01-08,8,1
768928,user_34,1248.28,Shopping,2025-03-22,22,3
748569,user_35,965.43,Entertainment,2025-02-17,17,2
878441,user_48,937.33,Shopping,2025-02-15,15,2
958659,user_49,908.23,Bills,2025-04-20,20,4
168155,user_15,2336.66,Food,2025-05-07,7,5
734136,user_44,4797.22,Entertainment,2025-01-21,21,1
204418,user_20,474.29,Bills,2025-06-09,9,6
491052,user_13,2231.48,Bills,2025-02-17,17,2
377904,user_9,146.15,Shopping,2025-03-02,2,3
557895,user_33,4211.07,Shopping,2025-01-31,31,1
784839,user_14,4119.39,Travel,2025-02-16,16,2
884676,user_35,3213.56,Food,2025-06-25,25,6
238832,user_36,248.77,Bills,2025-03-29,29,3
564418,user_18,356.24,Travel,2025-05-04,4,5
339481,user_49,2605.48,Shopping,2025-01-10,10,1
679966,user_42,4725.78,Entertainment,2025-04-20,20,4
304171,user_21,3054.33,Travel,2025-01-31,31,1
988306,user_49,477.73,Entertainment,2025-06-21,21,6
984763,user_50,2046.2,Shopping,2025-02-03,3,2
550041,user_28,366.67,Shopping,2025-03-07,7,3
501256,user_22,1692.33,Bills,2025-03-29,29,3
748220,user_37,4937.61,Entertainment,2025-03-14,14,3
277376,user_44,479.15,Travel,2025-02-10,10,2
690419,user_29,4444.42,Bills,2025-05-30,30,5
470011,user_45,3791.85,Bills,2025-04-16,16,4
106716,user_49,4510.71,Entertainment,2025-03-09,9,3
921561,user_4,336.66,Shopping,2025-05-03,3,5
701811,user_31,2040.01,Food,2025-04-18,18,4
118299,user_43,3141.07,Entertainment,2025-05-10,10,5
256036,user_14,2466.95,Shopping,2025-03-22,22,3
282843,user_23,1621.98,Food,2025-01-14,14,1
745215,user_7,1365.0,Food,2025-04-02,2,4
202829,user_47,4017.74,Travel,2025-04-30,30,4
676691,user_24,1667.12,Food,2025-02-14,14,2
911816,user_28,4939.49,Bills,2025-01-13,13,1
682177,user_35,560.39,Bills,2025-03-20,20,3
289508,user_35,372.54,Shopping,2025-05-03,3,5
203846,user_14,2905.04,Food,2025-04-04,4,4
182197,user_39,1694.35,Bills,2025-01-13,13,1
273958,user_20,3376.07,Bills,2025-02-01,1,2
355743,user_50,4657.61,Food,2025-03-03,3,3
904254,user_44,4362.51,Bills,2025-06-24,24,6
696018,user_18,320.67,Food,2025-03-18,18,3
110615,user_17,2378.09,Bills,2025-05-01,1,5
344782,user_37,4563.93,Shopping,2025-01-30,30,1
448379,user_46,4415.31,Bills,2025-04-01,1,4
262336,user_45,1036.88,Food,2025-02-03,3,2
136399,user_39,3111.16,Travel,2025-05-23,23,5
157722,user_28,1487.54,Shopping,2025-06-21,21,6
360469,user_7,2669.33,Shopping,2025-02-02,2,2
690888,user_10,165.03,Food,2025-01-09,9,1
743323,user_15,623.17,Food,2025-04-10,10,4
964046,user_2,2737.76,Food,2025-06-27,27,6
427236,user_32,1365.15,Shopping,2025-04-13,13,4
926890,user_8,3418.04,Travel,2025-05-19,19,5
265972,user_46,2868.84,Travel,2025-05-10,10,5
383476,user_22,4132.76,Travel,2025-02-11,11,2
632033,user_46,883.41,Shopping,2025-05-13,13,5
651908,user_18,2988.53,Travel,2025-01-13,13,1
766715,user_22,4888.05,Travel,2025-03-13,13,3
812107,user_46,1023.78,Travel,2025-02-21,21,2
813818,user_46,3447.04,Food,2025-01-11,11,1
286084,user_41,3258.7,Bills,2025-04-28,28,4
689836,user_34,1688.41,Food,2025-04-19,19,4
841276,user_50,1572.19,Bills,2025-02-15,15,2
691766,user_31,4523.44,Bills,2025-06-22,22,6
417260,user_20,3393.22,Travel,2025-02-03,3,2
176633,user_42,2246.95,Food,2025-03-11,11,3
370718,user_43,2073.07,Food,2025-06-15,15,6
138158,user_43,1898.94,Bills,2025-01-26,26,1
677190,user_26,4203.42,Travel,2025-06-27,27,6
882966,user_36,2014.78,Shopping,2025-06-27,27,6
338673,user_19,3288.78,Entertainment,2025-06-04,4,6
394241,user_26,3983.9,Travel,2025-02-20,20,2
603280,user_28,4144.81,Food,2025-05-19,19,5
629340,user_17,2163.99,Shopping,2025-04-11,11,4
966107,user_29,994.9,Bills,2025-04-15,15,4
419216,user_11,4201.74,Shopping,2025-04-29,29,4
435987,user_25,2418.11,Travel,2025-04-26,26,4
802246,user_11,3912.33,Shopping,2025-05-12,12,5
388311,user_33,4345.18,Food,2025-01-31,31,1
844918,user_46,2432.6,Entertainment,2025-03-14,14,3
161519,user_30,4251.31,Entertainment,2025-02-03,3,2
969446,user_36,1022.45,Entertainment,2025-02-23,23,2
923362,user_7,53.04,Shopping,2025-03-16,16,3
259955,user_35,2383.69,Travel,2025-02-02,2,2
537426,user_21,2948.15,Shopping,2025-02-14,14,2
244736,user_25,1070.65,Shopping,2025-01-31,31,1
603136,user_29,921.52,Food,2025-05-12,12,5
172774,user_9,278.97,Bills,2025-02-18,18,2
396697,user_32,4803.68,Food,2025-02-01,1,2
174192,user_22,4672.65,Entertainment,2025-04-18,18,4
393065,user_43,1465.4,Food,2025-05-17,17,5
483591,user_34,4907.51,Travel,2025-04-01,1,4
386446,user_19,3384.27,Bills,2025-03-17,17,3
228491,user_39,928.62,Food,2025-03-14,14,3
292276,user_28,3782.08,Food,2025-03-10,10,3
142033,user_17,4592.67,Shopping,2025-06-07,7,6
449132,user_5,412.9,Food,2025-06-15,15,6
572001,user_18,3813.34,Food,2025-01-08,8,1
503818,user_10,2080.59,Bills,2025-01-28,28,1
780861,user_2,1928.16,Entertainment,2025-01-29,29,1
390452,user_29,3537.13,Food,2025-03-12,12,3
218619,user_35,2258.14,Bills,2025-05-13,13,5
181629,user_37,2862.04,Travel,2025-06-02,2,6
368531,user_27,362.5,Travel,2025-04-13,13,4
554918,user_34,2368.19,Entertainment,2025-04-08,8,4
197865,user_8,2262.53,Shopping,2025-05-03,3,5
198443,user_39,2283.84,Travel,2025-06-04,4,6
654104,user_32,2413.58,Entertainment,2025-06-27,27,6
976239,user_35,60.56,Food,2025-04-07,7,4
111881,user_39,1618.66,Shopping,2025-01-29,29,1
232435,user_26,1967.62,Food,2025-04-14,14,4
362273,user_28,3688.96,Entertainment,2025-03-16,16,3
871778,user_5,619.15,Travel,2025-05-09,9,5
126956,user_45,4184.63,Travel,2025-06-25,25,6
324492,user_13,2134.07,Shopping,2025-05-31,31,5
820219,user_41,1345.85,Food,2025-01-17,17,1
648080,user_19,1418.88,Entertainment,2025-01-01,1,1
268099,user_50,1179.28,Shopping,2025-04-19,19,4
622550,user_33,2157.53,Bills,2025-05-17,17,5
543511,user_47,259.38,Bills,2025-01-06,6,1
974978,user_44,1748.16,Bills,2025-01-23,23,1
708416,user_29,4053.74,Bills,2025-04-07,7,4
954209,user_43,4766.6,Bills,2025-06-17,17,6
369786,user_27,480.95,Bills,2025-05-07,7,5
770072,user_23,4749.62,Entertainment,2025-05-22,22,5
418976,user_18,2607.82,Bills,2025-06-29,29,6
798987,user_35,3715.33,Entertainment,2025-06-09,9,6
951594,user_50,3699.84,Shopping,2025-06-22,22,6
779784,user_2,327.36,Travel,2025-02-06,6,2
640258,user_16,2228.78,Bills,2025-01-20,20,1
723704,user_25,990.64,Travel,2025-04-18,18,4
884665,user_42,748.37,Bills,2025-02-11,11,2
621766,user_30,560.6,Shopping,2025-06-13,13,6
939993,user_27,260.62,Food,2025-06-10,10,6
692806,user_15,3921.12,Shopping,2025-01-28,28,1
916411,user_47,2815.84,Food,2025-01-30,30,1
818511,user_36,3690.27,Travel,2025-01-16,16,1
745948,user_8,2442.87,Shopping,2025-06-11,11,6
802159,user_20,376.34,Bills,2025-06-11,11,6
453264,user_50,2904.95,Travel,2025-05-10,10,5
660870,user_10,1487.26,Shopping,2025-01-12,12,1
828366,user_27,1704.45,Food,2025-03-14,14,3
123397,user_43,4916.09,Shopping,2025-02-17,17,2
138632,user_44,216.09,Food,2025-04-20,20,4
253025,user_39,2505.17,Entertainment,2025-02-03,3,2
855436,user_29,2144.54,Bills,2025-03-19,19,3
660110,user_32,4284.61,Food,2025-03-04,4,3
152983,user_25,2074.66,Food,2025-01-14,14,1
891348,user_45,1901.15,Entertainment,2025-04-08,8,4
700363,user_46,3944.32,Travel,2025-01-31,31,1
399352,user_7,4309.29,Shopping,2025-02-05,5,2
331640,user_38,1477.76,Bills,2025-04-08,8,4
702384,user_30,637.93,Shopping,2025-04-07,7,4
306959,user_16,3568.37,Food,2025-06-24,24,6
914415,user_50,2603.17,Bills,2025-05-04,4,5
965162,user_33,62.88,Bills,2025-02-06,6,2
593383,user_20,3785.68,Shopping,2025-04-03,3,4
308562,user_36,4529.64,Food,2025-04-28,28,4
763516,user_11,438.97,Entertainment,2025-01-07,7,1
550290,user_35,4212.77,Bills,2025-04-04,4,4
218219,user_11,2825.75,Shopping,2025-06-01,1,6
223922,user_49,1183.94,Food,2025-02-22,22,2
870740,user_24,3671.66,Shopping,2025-01-23,23,1
982204,user_35,3154.56,Travel,2025-04-02,2,4
927668,user_47,3156.46,Entertainment,2025-04-06,6,4
309691,user_33,2705.05,Food,2025-01-12,12,1
760827,user_9,235.37,Food,2025-06-17,17,6
520203,user_46,582.17,Bills,2025-01-01,1,1
745927,user_35,559.28,Entertainment,2025-05-16,16,5
366850,user_16,1100.57,Food,2025-03-19,19,3
572426,user_13,2419.79,Bills,2025-05-05,5,5
364265,user_15,1428.0,Travel,2025-06-03,3,6
760767,user_31,1870.84,Food,2025-02-24,24,2
218124,user_45,4000.81,Travel,2025-04-25,25,4
360739,user_19,2211.66,Shopping,2025-02-08,8,2
398417,user_13,3561.29,Food,2025-02-15,15,2
940603,user_46,3066.33,Bills,2025-02-10,10,2
775376,user_36,1530.03,Travel,2025-03-17,17,3
303546,user_34,1646.74,Entertainment,2025-04-22,22,4
706406,user_50,3808.5,Travel,2025-05-02,2,5
550389,user_13,2268.65,Shopping,2025-02-24,24,2
861858,user_9,3236.09,Travel,2025-04-19,19,4
877945,user_28,2479.07,Food,2025-01-14,14,1
233129,user_4,716.53,Entertainment,2025-05-24,24,5
417078,user_5,3441.0,Travel,2025-05-03,3,5
979779,user_27,641.87,Bills,2025-04-17,17,4
392402,user_36,4782.08,Travel,2025-04-14,14,4
698022,user_21,2272.53,Food,2025-04-20,20,4
357150,user_15,398.7,Entertainment,2025-03-01,1,3
880178,user_17,3824.97,Bills,2025-06-17,17,6
446650,user_38,3851.06,Shopping,2025-01-12,12,1
768544,user_31,4885.44,Travel,2025-05-29,29,5
238627,user_4,1190.63,Entertainment,2025-02-28,28,2
289488,user_29,1163.93,Travel,2025-03-27,27,3
808961,user_34,2208.14,Entertainment,2025-04-03,3,4
125583,user_4,3937.89,Food,2025-01-11,11,1
918218,user_23,4261.58,Entertainment,2025-03-18,18,3
633779,user_19,3039.73,Travel,2025-06-03,3,6
724553,user_23,3587.13,Food,2025-03-01,1,3
272945,user_36,2536.19,Food,2025-04-18,18,4
370856,user_46,2893.09,Bills,2025-01-09,9,1
892757,user_33,2645.35,Food,2025-05-28,28,5
341052,user_40,3049.78,Travel,2025-06-23,23,6
740695,user_30,3699.35,Entertainment,2025-01-31,31,1
464059,user_4,4662.23,Entertainment,2025-02-04,4,2
788773,user_13,3542.29,Shopping,2025-02-19,19,2
655827,user_46,3722.74,Food,2025-06-06,6,6
687756,user_39,2897.57,Food,2025-03-04,4,3
872370,user_44,2116.98,Food,2025-04-16,16,4
594679,user_7,147.46,Food,2025-06-27,27,6
229212,user_35,3263.37,Bills,2025-05-31,31,5
472705,user_39,849.02,Travel,2025-04-28,28,4
688237,user_15,3747.79,Travel,2025-03-12,12,3
453795,user_6,3433.43,Travel,2025-05-24,24,5
596806,user_6,2770.53,Bills,2025-03-07,7,3
473301,user_1,218.03,Shopping,2025-06-21,21,6
297609,user_6,3317.12,Food,2025-05-05,5,5
991447,user_22,4001.68,Food,2025-03-26,26,3
670103,user_7,1912.2,Shopping,2025-05-04,4,5
441414,user_42,4101.48,Food,2025-01-18,18,1
301396,user_11,2840.1,Bills,2025-03-01,1,3
133716,user_18,184.48,Food,2025-06-21,21,6
795085,user_50,2420.93,Shopping,2025-02-03,3,2
190906,user_7,3571.24,Food,2025-03-03,3,3
153940,user_5,3260.78,Travel,2025-01-11,11,1
526597,user_26,967.74,Bills,2025-05-29,29,5
202670,user_11,1954.35,Travel,2025-05-31,31,5
137415,user_23,2146.73,Bills,2025-06-17,17,6
955833,user_20,3497.33,Entertainment,2025-06-04,4,6
187125,user_40,1167.58,Bills,2025-02-08,8,2
418767,user_27,3415.37,Food,2025-03-22,22,3
220152,user_45,3300.21,Bills,2025-04-11,11,4
614925,user_32,2174.67,Food,2025-01-02,2,1
930298,user_25,2366.54,Travel,2025-02-10,10,2
564705,user_12,704.82,Bills,2025-05-29,29,5
904018,user_4,1561.2,Bills,2025-06-20,20,6
579794,user_27,1804.05,Bills,2025-03-11,11,3
539509,user_3,4265.32,Travel,2025-01-13,13,1
521059,user_7,4357.02,Entertainment,2025-06-03,3,6
964689,user_9,3938.29,Bills,2025-04-30,30,4
166507,user_31,1168.49,Shopping,2025-04-21,21,4
844737,user_14,2379.11,Shopping,2025-04-21,21,4
992923,user_12,4830.99,Entertainment,2025-03-16,16,3
981586,user_9,262.8,Entertainment,2025-06-08,8,6
853706,user_45,4840.15,Bills,2025-03-12,12,3
578541,user_35,4218.15,Bills,2025-03-07,7,3
450422,user_10,3979.23,Travel,2025-06-20,20,6
228505,user_41,2070.83,Travel,2025-05-21,21,5
478286,user_11,4366.54,Entertainment,2025-06-27,27,6
790956,user_9,4785.73,Entertainment,2025-02-23,23,2
400343,user_41,3400.28,Travel,2025-02-14,14,2
566530,user_29,183.39,Entertainment,2025-04-11,11,4
434501,user_29,2242.65,Bills,2025-04-17,17,4
266909,user_24,2487.27,Food,2025-05-22,22,5
465800,user_9,4881.19,Travel,2025-02-07,7,2
915701,user_11,3360.71,Bills,2025-05-15,15,5
626006,user_43,3820.51,Shopping,2025-05-15,15,5
999661,user_17,3487.51,Bills,2025-04-10,10,4
692531,user_37,998.43,Food,2025-04-25,25,4
833216,user_45,795.44,Bills,2025-05-06,6,5
729171,user_34,3162.71,Food,2025-03-09,9,3
323585,user_39,548.41,Shopping,2025-05-17,17,5
203923,user_50,4384.97,Shopping,2025-03-10,10,3
833259,user_29,1107.99,Shopping,2025-03-29,29,3
500620,user_10,3593.69,Entertainment,2025-05-12,12,5
596664,user_37,4997.51,Travel,2025-02-20,20,2
378708,user_27,3460.64,Shopping,2025-02-28,28,2
277173,user_17,1885.59,Travel,2025-06-03,3,6
304318,user_13,1583.06,Entertainment,2025-03-12,12,3
581309,user_10,2265.69,Bills,2025-04-22,22,4
600949,user_26,2377.57,Travel,2025-02-23,23,2
795429,user_30,3300.18,Entertainment,2025-01-06,6,1
416782,user_45,4630.43,Food,2025-05-28,28,5
187118,user_48,4749.43,Shopping,2025-04-07,7,4
428798,user_23,733.44,Travel,2025-01-11,11,1
989097,user_35,4206.8,Shopping,2025-05-14,14,5
703506,user_28,4213.67,Bills,2025-01-17,17,1
473985,user_9,3823.81,Shopping,2025-05-15,15,5
851614,user_22,2054.6,Travel,2025-04-15,15,4
360243,user_19,4827.38,Entertainment,2025-05-11,11,5
969876,user_30,1101.15,Food,2025-05-31,31,5
953134,user_12,1965.34,Food,2025-05-26,26,5
540221,user_8,3597.77,Food,2025-01-12,12,1
138715,user_9,542.07,Bills,2025-05-30,30,5
715925,user_21,2106.31,Bills,2025-05-30,30,5
507281,user_46,2163.69,Bills,2025-06-10,10,6
770454,user_33,1559.02,Shopping,2025-03-13,13,3
729004,user_4,1090.97,Bills,2025-02-23,23,2
404977,user_10,4321.96,Bills,2025-03-29,29,3
904121,user_13,4262.84,Bills,2025-05-04,4,5
163938,user_5,4026.6,Bills,2025-06-01,1,6
859079,user_41,4442.33,Travel,2025-03-01,1,3
753999,user_7,3874.43,Entertainment,2025-04-15,15,4
915125,user_44,532.21,Bills,2025-03-06,6,3
574521,user_18,3919.44,Bills,2025-05-07,7,5
462982,user_11,4403.84,Shopping,2025-02-13,13,2
775685,user_15,3361.49,Bills,2025-06-11,11,6
981736,user_48,3663.22,Shopping,2025-02-03,3,2
334315,user_23,4926.43,Shopping,2025-04-22,22,4
547349,user_48,840.07,Travel,2025-05-28,28,5
587413,user_1,4776.23,Entertainment,2025-06-28,28,6
863471,user_36,4172.97,Travel,2025-01-16,16,1
815937,user_33,547.11,Shopping,2025-01-08,8,1
855800,user_8,1493.68,Entertainment,2025-03-11,11,3
113431,user_29,3459.94,Food,2025-03-03,3,3
853616,user_48,478.78,Shopping,2025-02-05,5,2
694283,user_38,4707.91,Food,2025-01-15,15,1
575707,user_14,3720.82,Food,2025-03-11,11,3
544457,user_16,4865.76,Entertainment,2025-01-13,13,1
483736,user_22,4227.3,Entertainment,2025-05-06,6,5
891922,user_15,2597.69,Bills,2025-06-13,13,6
994063,user_11,1605.32,Food,2025-02-14,14,2
522349,user_33,3426.8,Shopping,2025-01-30,30,1
138484,user_43,1146.66,Entertainment,2025-05-06,6,5
884402,user_45,4582.54,Food,2025-01-19,19,1
845019,user_10,4715.07,Entertainment,2025-03-16,16,3
419889,user_17,3824.39,Shopping,2025-06-09,9,6
297591,user_9,1206.06,Entertainment,2025-03-09,9,3
204561,user_19,1664.01,Entertainment,2025-06-28,28,6
188507,user_34,1588.27,Food,2025-06-26,26,6
998971,user_16,154.6,Entertainment,2025-05-16,16,5
454896,user_42,4719.07,Shopping,2025-05-22,22,5
525844,user_5,3591.22,Entertainment,2025-06-07,7,6
346595,user_32,3772.0,Travel,2025-02-28,28,2
624562,user_24,3410.89,Food,2025-06-03,3,6
340990,user_32,2074.02,Entertainment,2025-01-29,29,1
654691,user_13,3172.88,Bills,2025-01-23,23,1
785836,user_16,3206.61,Travel,2025-03-17,17,3
569391,user_45,1050.26,Food,2025-06-23,23,6
512287,user_5,1227.78,Shopping,2025-05-03,3,5
525171,user_39,1096.43,Travel,2025-05-04,4,5
950824,user_32,2503.35,Food,2025-01-07,7,1
796459,user_21,855.28,Bills,2025-01-23,23,1
452937,user_41,2047.68,Food,2025-02-28,28,2
800068,user_24,1233.87,Food,2025-04-22,22,4
669332,user_20,1751.16,Entertainment,2025-05-11,11,5
432300,user_3,1073.1,Bills,2025-06-30,30,6
212751,user_27,4597.02,Bills,2025-02-22,22,2
696258,user_33,1571.07,Entertainment,2025-06-06,6,6
283911,user_31,677.99,Travel,2025-01-11,11,1
640618,user_37,1426.45,Travel,2025-06-22,22,6
612405,user_42,4008.3,Entertainment,2025-05-11,11,5
519034,user_41,1715.13,Bills,2025-04-24,24,4
787481,user_6,1470.31,Shopping,2025-05-05,5,5
179407,user_11,63.46,Travel,2025-05-26,26,5
344194,user_33,4741.97,Shopping,2025-05-11,11,5
928460,user_8,2297.18,Shopping,2025-02-28,28,2
555722,user_21,3208.69,Food,2025-06-18,18,6
497147,user_43,740.27,Bills,2025-01-06,6,1
988094,user_14,1248.45,Bills,2025-01-11,11,1
420049,user_48,526.64,Travel,2025-05-19,19,5
696251,user_36,125.47,Food,2025-06-16,16,6
646232,user_10,4766.24,Entertainment,2025-06-02,2,6
145189,user_30,1644.93,Food,2025-02-03,3,2
973312,user_9,3878.04,Entertainment,2025-04-23,23,4
329162,user_1,2442.05,Bills,2025-05-17,17,5
617852,user_43,3581.54,Entertainment,2025-02-14,14,2
558503,user_34,3645.46,Travel,2025-02-07,7,2
143936,user_28,3194.5,Shopping,2025-06-01,1,6
461148,user_29,561.61,Travel,2025-03-08,8,3
813390,user_3,4535.92,Entertainment,2025-05-23,23,5
343843,user_10,3281.54,Bills,2025-06-18,18,6
983107,user_48,1337.71,Shopping,2025-04-20,20,4
615792,user_10,3295.38,Shopping,2025-02-13,13,2
454233,user_25,2609.14,Food,2025-05-23,23,5
870998,user_43,3829.42,Food,2025-03-25,25,3
544789,user_28,1861.32,Food,2025-03-21,21,3
108921,user_32,694.77,Bills,2025-02-13,13,2
436683,user_44,2147.42,Bills,2025-01-24,24,1
265959,user_40,2510.93,Entertainment,2025-04-15,15,4
796963,user_37,3032.08,Bills,2025-04-17,17,4
161462,user_19,3996.85,Entertainment,2025-05-03,3,5
166735,user_44,1704.64,Bills,2025-04-04,4,4
833029,user_21,4427.46,Bills,2025-06-11,11,6
269040,user_16,4639.41,Bills,2025-02-08,8,2
348238,user_10,3760.79,Travel,2025-06-29,29,6
526096,user_49,2913.77,Travel,2025-04-20,20,4
638373,user_24,88.3,Bills,2025-03-03,3,3
820585,user_38,936.95,Shopping,2025-02-28,28,2
568521,user_24,1362.42,Travel,2025-03-09,9,3
344015,user_34,1943.04,Entertainment,2025-03-25,25,3
222567,user_29,384.27,Food,2025-03-31,31,3
616117,user_21,1925.84,Travel,2025-06-09,9,6
627245,user_31,230.79,Travel,2025-04-22,22,4
441057,user_26,4922.09,Travel,2025-01-08,8,1
438167,user_12,3026.79,Entertainment,2025-04-07,7,4
104994,user_30,3442.96,Bills,2025-06-17,17,6
212394,user_13,2703.55,Shopping,2025-06-04,4,6
131406,user_23,3023.07,Bills,2025-01-14,14,1
234497,user_41,2156.93,Travel,2025-04-26,26,4
734432,user_48,2875.6,Bills,2025-04-11,11,4
829433,user_19,3398.45,Travel,2025-03-12,12,3
458417,user_38,2038.25,Food,2025-04-05,5,4
346267,user_16,3894.11,Entertainment,2025-06-27,27,6
302731,user_11,369.01,Shopping,2025-04-12,12,4
459710,user_16,2700.31,Food,2025-04-18,18,4
324065,user_34,3392.45,Food,2025-03-14,14,3
816378,user_21,3663.6,Bills,2025-06-25,25,6
280320,user_29,1807.97,Food,2025-02-04,4,2
680657,user_47,4270.07,Entertainment,2025-03-02,2,3
944716,user_49,742.11,Food,2025-06-29,29,6
622676,user_47,1675.9,Entertainment,2025-03-28,28,3
798739,user_16,2564.77,Shopping,2025-05-01,1,5
902307,user_25,3013.53,Bills,2025-04-20,20,4
591885,user_50,3666.76,Entertainment,2025-02-02,2,2
703106,user_1,3640.79,Shopping,2025-04-22,22,4
892763,user_7,1376.79,Entertainment,2025-04-17,17,4
795867,user_10,2273.56,Food,2025-06-06,6,6
573810,user_40,371.53,Entertainment,2025-05-23,23,5
270959,user_35,4619.21,Bills,2025-01-24,24,1
703195,user_46,2493.79,Food,2025-01-25,25,1
750424,user_22,3376.76,Travel,2025-02-20,20,2
211696,user_43,4375.76,Shopping,2025-05-22,22,5
963474,user_24,4542.93,Bills,2025-02-26,26,2
655763,user_10,725.38,Entertainment,2025-02-22,22,2
386811,user_17,1092.32,Entertainment,2025-05-22,22,5
304872,user_36,3854.82,Bills,2025-03-08,8,3
427096,user_26,3774.31,Entertainment,2025-02-22,22,2
811148,user_49,3465.29,Travel,2025-02-12,12,2
215938,user_19,473.95,Food,2025-01-30,30,1
425150,user_6,3112.27,Bills,2025-05-17,17,5
667583,user_2,4321.26,Food,2025-03-21,21,3
334229,user_24,3996.78,Bills,2025-02-08,8,2
216356,user_28,2049.76,Shopping,2025-04-28,28,4
800178,user_28,2144.48,Entertainment,2025-03-12,12,3
228096,user_42,213.79,Travel,2025-05-02,2,5
658163,user_3,3631.51,Bills,2025-03-27,27,3
463677,user_30,3138.53,Travel,2025-01-14,14,1
820048,user_48,3343.89,Shopping,2025-06-08,8,6
132977,user_45,405.01,Shopping,2025-06-24,24,6
441706,user_30,2861.36,Food,2025-04-17,17,4
455632,user_38,3809.76,Food,2025-06-21,21,6
348323,user_5,4491.05,Food,2025-03-13,13,3
751837,user_39,3982.04,Food,2025-01-06,6,1
602688,user_47,519.0,Bills,2025-03-29,29,3
156113,user_15,2499.89,Shopping,2025-03-13,13,3
860559,user_5,3228.4,Travel,2025-01-25,25,1
143550,user_27,2230.63,Food,2025-05-05,5,5
614535,user_1,3887.51,Shopping,2025-01-03,3,1
412234,user_31,4066.95,Travel,2025-01-13,13,1
252948,user_46,1507.02,Food,2025-05-24,24,5
807456,user_31,1824.97,Bills,2025-02-17,17,2
486879,user_31,3967.08,Shopping,2025-02-27,27,2
265359,user_1,4770.61,Food,2025-03-25,25,3
916673,user_1,4937.67,Entertainment,2025-05-01,1,5
195450,user_21,1489.43,Shopping,2025-06-26,26,6
246009,user_31,2689.79,Shopping,2025-06-14,14,6
762033,user_25,4585.62,Shopping,2025-01-20,20,1
959119,user_30,3060.07,Travel,2025-02-15,15,2
797272,user_16,706.74,Bills,2025-02-08,8,2
520345,user_3,582.2,Shopping,2025-02-16,16,2
559800,user_41,4871.93,Entertainment,2025-04-16,16,4
179294,user_14,3455.67,Entertainment,2025-05-26,26,5
511863,user_13,2657.32,Food,2025-03-17,17,3
264070,user_16,1948.42,Entertainment,2025-04-28,28,4
194778,user_48,3421.52,Food,2025-06-07,7,6
634664,user_1,1319.82,Travel,2025-04-23,23,4
414663,user_22,4323.0,Food,2025-05-22,22,5
841020,user_12,4708.22,Entertainment,2025-03-02,2,3
591834,user_31,1745.89,Shopping,2025-01-19,19,1
155884,user_18,2224.81,Food,2025-02-28,28,2
180122,user_23,4194.96,Shopping,2025-06-11,11,6
919954,user_28,3595.62,Entertainment,2025-05-22,22,5
366882,user_11,2498.0,Bills,2025-04-30,30,4
196575,user_21,1673.66,Food,2025-03-05,5,3
914819,user_7,1757.76,Bills,2025-05-02,2,5
356408,user_22,1800.88,Travel,2025-02-13,13,2
526515,user_6,1489.58,Shopping,2025-06-24,24,6
743811,user_7,4594.87,Food,2025-04-13,13,4
397846,user_29,2900.1,Shopping,2025-02-28,28,2
162824,user_5,1086.93,Bills,2025-06-14,14,6
175980,user_6,577.77,Shopping,2025-06-20,20,6
247257,user_25,267.28,Travel,2025-01-20,20,1
518636,user_1,1104.21,Bills,2025-02-23,23,2
861377,user_17,3816.09,Entertainment,2025-06-18,18,6
917007,user_12,2438.17,Bills,2025-02-08,8,2
417755,user_23,3721.35,Bills,2025-04-07,7,4
982850,user_23,1648.19,Shopping,2025-06-26,26,6
554256,user_29,3626.87,Food,2025-05-17,17,5
333284,user_28,814.7,Food,2025-05-16,16,5
695888,user_1,678.4,Food,2025-05-23,23,5
424423,user_27,3948.13,Travel,2025-05-11,11,5
597039,user_23,2507.11,Entertainment,2025-06-10,10,6
497026,user_24,1779.62,Entertainment,2025-03-07,7,3
641109,user_20,4729.62,Bills,2025-03-24,24,3
890162,user_13,2707.65,Travel,2025-05-18,18,5
421261,user_39,4296.74,Travel,2025-03-06,6,3
122515,user_13,549.34,Bills,2025-03-26,26,3
104016,user_11,3694.07,Travel,2025-04-16,16,4
594967,user_24,2789.53,Bills,2025-03-18,18,3
305501,user_25,984.74,Travel,2025-01-20,20,1
418244,user_46,2537.91,Bills,2025-01-12,12,1
237807,user_5,3781.77,Food,2025-03-18,18,3
775889,user_5,2570.73,Entertainment,2025-01-19,19,1
929873,user_22,2095.19,Food,2025-06-27,27,6
826738,user_39,1635.03,Travel,2025-05-09,9,5
615788,user_33,218.55,Travel,2025-04-11,11,4
474569,user_41,1179.96,Shopping,2025-06-11,11,6
961046,user_29,4465.76,Shopping,2025-06-11,11,6
411737,user_30,3743.55,Travel,2025-04-26,26,4
990839,user_18,1908.47,Shopping,2025-03-04,4,3
306068,user_40,1016.24,Food,2025-06-04,4,6
149431,user_38,3460.09,Bills,2025-05-29,29,5
511978,user_42,4275.17,Travel,2025-06-04,4,6
639560,user_11,4584.11,Travel,2025-05-10,10,5
968249,user_8,3363.46,Travel,2025-01-31,31,1
147873,user_25,3379.03,Bills,2025-05-18,18,5
978915,user_35,4816.36,Bills,2025-02-15,15,2
470603,user_37,509.76,Travel,2025-02-04,4,2
409462,user_32,1319.29,Travel,2025-06-15,15,6
954387,user_18,237.78,Entertainment,2025-05-15,15,5
373878,user_19,4524.63,Shopping,2025-02-21,21,2
782642,user_23,1380.38,Shopping,2025-01-25,25,1
817167,user_15,2503.34,Entertainment,2025-03-09,9,3
905795,user_23,1900.6,Bills,2025-04-01,1,4
333384,user_41,786.06,Food,2025-03-15,15,3
160012,user_29,151.22,Shopping,2025-05-09,9,5
798614,user_24,4601.9,Bills,2025-01-05,5,1
320928,user_49,510.9,Bills,2025-01-13,13,1
280338,user_48,2862.49,Travel,2025-02-07,7,2
284508,user_39,1992.68,Travel,2025-06-07,7,6
848671,user_48,750.17,Shopping,2025-06-11,11,6
167277,user_16,4667.9,Bills,2025-03-13,13,3
529671,user_43,4193.44,Bills,2025-03-27,27,3
784671,user_13,4588.81,Food,2025-05-28,28,5
230660,user_44,3422.73,Food,2025-02-03,3,2
656826,user_36,1378.1,Food,2025-05-28,28,5
471695,user_29,4389.96,Bills,2025-03-05,5,3
522573,user_19,3403.17,Food,2025-01-30,30,1
389229,user_37,3947.58,Shopping,2025-01-11,11,1
364180,user_36,408.7,Bills,2025-05-30,30,5
516951,user_9,1238.11,Food,2025-05-19,19,5
681633,user_14,3696.01,Entertainment,2025-02-23,23,2
487019,user_14,4311.79,Bills,2025-06-23,23,6
728148,user_50,734.6,Food,2025-05-15,15,5
141438,user_19,3883.64,Entertainment,2025-04-07,7,4
103939,user_50,741.1,Travel,2025-02-10,10,2
639012,user_47,3557.89,Food,2025-01-28,28,1
403075,user_49,3186.83,Food,2025-01-30,30,1
218856,user_39,3918.82,Entertainment,2025-06-23,23,6
684147,user_20,127.76,Entertainment,2025-04-28,28,4
172451,user_17,1152.68,Bills,2025-03-14,14,3
180256,user_13,3364.1,Entertainment,2025-04-06,6,4
263291,user_12,4856.76,Entertainment,2025-04-13,13,4
329422,user_37,1578.55,Food,2025-05-25,25,5
966081,user_23,1504.91,Bills,2025-02-20,20,2
733323,user_14,4839.73,Shopping,2025-03-16,16,3
524669,user_25,736.42,Bills,2025-03-27,27,3
772915,user_13,2735.82,Bills,2025-02-04,4,2
647146,user_31,1844.29,Food,2025-03-25,25,3
699538,user_18,3300.92,Food,2025-05-23,23,5
140233,user_48,2591.73,Food,2025-03-06,6,3
189638,user_10,2491.75,Food,2025-06-20,20,6
122735,user_10,3594.46,Bills,2025-02-23,23,2
429057,user_50,3153.41,Food,2025-05-19,19,5
355230,user_19,1764.62,Shopping,2025-02-28,28,2
241896,user_48,1521.39,Bills,2025-02-06,6,2
492390,user_26,3957.38,Food,2025-02-15,15,2
920735,user_17,2752.22,Food,2025-05-23,23,5
846442,user_23,4265.41,Travel,2025-06-24,24,6
779825,user_13,4150.77,Bills,2025-02-24,24,2
456175,user_18,4389.06,Entertainment,2025-01-31,31,1
371288,user_5,3936.02,Travel,2025-06-06,6,6
109192,user_47,2773.42,Food,2025-01-07,7,1
277419,user_44,4777.24,Entertainment,2025-04-29,29,4
106556,user_12,4538.13,Travel,2025-02-14,14,2
104718,user_9,3146.15,Shopping,2025-04-15,15,4
928656,user_25,866.72,Bills,2025-05-28,28,5
365061,user_45,1408.9,Food,2025-05-01,1,5
572143,user_5,4500.46,Food,2025-01-04,4,1
944748,user_36,108.24,Bills,2025-06-03,3,6
382735,user_7,3614.73,Shopping,2025-06-05,5,6
913818,user_28,883.79,Entertainment,2025-03-12,12,3
845614,user_24,3621.23,Bills,2025-02-14,14,2
567309,user_41,1835.78,Food,2025-02-25,25,2
483357,user_15,835.77,Entertainment,2025-04-30,30,4
178146,user_5,4644.89,Bills,2025-04-01,1,4
447120,user_17,2901.75,Shopping,2025-01-04,4,1
212326,user_2,1338.76,Bills,2025-02-23,23,2
611439,user_50,4760.07,Food,2025-05-04,4,5
874556,user_27,2155.24,Travel,2025-06-09,9,6
559409,user_25,165.62,Entertainment,2025-02-05,5,2
994073,user_8,4174.22,Travel,2025-03-20,20,3
353226,user_2,4136.47,Bills,2025-01-03,3,1
411427,user_5,4464.99,Food,2025-04-24,24,4
878906,user_26,3382.75,Shopping,2025-06-25,25,6
628219,user_6,2866.66,Bills,2025-01-23,23,1
308258,user_19,703.29,Food,2025-03-13,13,3
337431,user_9,2219.63,Food,2025-02-03,3,2
513996,user_43,2515.36,Entertainment,2025-03-28,28,3
372677,user_48,2425.42,Bills,2025-04-30,30,4
293402,user_3,3939.07,Entertainment,2025-05-13,13,5
428910,user_34,1797.36,Food,2025-01-28,28,1
442408,user_44,2966.75,Bills,2025-02-06,6,2
595004,user_31,3121.47,Travel,2025-03-21,21,3
783067,user_26,4460.65,Entertainment,2025-06-07,7,6
702027,user_31,3228.9,Bills,2025-06-11,11,6
373929,user_39,1480.91,Shopping,2025-05-02,2,5
611528,user_31,1047.07,Shopping,2025-04-09,9,4
399367,user_40,4941.82,Entertainment,2025-04-14,14,4
661000,user_36,442.95,Food,2025-01-23,23,1
859508,user_45,4959.36,Shopping,2025-06-10,10,6
661989,user_37,4638.78,Entertainment,2025-03-10,10,3
411748,user_9,4882.12,Bills,2025-06-27,27,6
309565,user_26,4754.35,Travel,2025-05-06,6,5
765332,user_9,2478.82,Travel,2025-06-28,28,6
748736,user_9,2877.48,Travel,2025-04-07,7,4
292711,user_20,2115.67,Food,2025-01-30,30,1
756405,user_49,1473.49,Entertainment,2025-04-02,2,4
186309,user_20,2322.32,Entertainment,2025-06-19,19,6
715126,user_39,2444.09,Shopping,2025-02-01,1,2
373135,user_24,2788.51,Food,2025-05-03,3,5
894302,user_43,4201.79,Shopping,2025-01-29,29,1
294546,user_6,3012.67,Entertainment,2025-01-10,10,1
361329,user_19,291.42,Shopping,2025-01-20,20,1
817400,user_6,3470.42,Bills,2025-06-11,11,6
637287,user_38,3730.2,Entertainment,2025-02-27,27,2
488418,user_21,1610.77,Bills,2025-01-07,7,1
391788,user_46,4719.1,Travel,2025-06-20,20,6
744093,user_7,4123.18,Bills,2025-04-16,16,4
157198,user_13,2643.65,Entertainment,2025-03-01,1,3
180040,user_23,1782.06,Bills,2025-06-27,27,6
632861,user_10,3624.14,Bills,2025-06-10,10,6
786719,user_5,2631.49,Food,2025-06-18,18,6
945540,user_20,3032.08,Shopping,2025-02-15,15,2
112346,user_20,157.63,Food,2025-05-02,2,5
279915,user_1,2685.82,Food,2025-06-08,8,6
152894,user_17,2024.6,Bills,2025-03-02,2,3
135622,user_25,3245.01,Entertainment,2025-03-25,25,3
955020,user_4,3012.07,Entertainment,2025-05-20,20,5
907725,user_5,4945.39,Entertainment,2025-05-21,21,5
165213,user_3,723.55,Travel,2025-01-20,20,1
667751,user_38,4783.57,Entertainment,2025-06-19,19,6
384793,user_7,3142.81,Bills,2025-05-14,14,5
420694,user_39,93.75,Shopping,2025-05-16,16,5
433201,user_37,3827.46,Shopping,2025-06-25,25,6
943348,user_49,793.66,Bills,2025-03-29,29,3
870323,user_31,3506.48,Shopping,2025-02-20,20,2
410213,user_10,945.14,Entertainment,2025-02-17,17,2
764289,user_10,3218.26,Shopping,2025-01-13,13,1
